"REF_DATE","GEO","DGUID","Divorces","UOM","UOM_ID","SCALAR_FACTOR","SCALAR_ID","VECTOR","COORDINATE","VALUE","STATUS","SYMBOL","TERMINATED","DECIMALS"
"1970","Canada","","Divorces","Number","223","units ","0","v107","1.1","29775","","","","0"
"1970","Newfoundland and Labrador","","Divorces","Number","223","units ","0","v108","2.1","140","","","","0"
"1970","Prince Edward Island","","Divorces","Number","223","units ","0","v112","3.1","65","","","","0"
"1970","Nova Scotia","","Divorces","Number","223","units ","0","v113","4.1","823","","","","0"
"1970","New Brunswick","","Divorces","Number","223","units ","0","v114","5.1","386","","","","0"
"1970","Quebec","","Divorces","Number","223","units ","0","v115","6.1","4865","","","","0"
"1970","Ontario","","Divorces","Number","223","units ","0","v116","7.1","12451","","","","0"
"1970","Manitoba","","Divorces","Number","223","units ","0","v117","8.1","1234","","","","0"
"1970","Saskatchewan","","Divorces","Number","223","units ","0","v118","9.1","871","","","","0"
"1970","Alberta","","Divorces","Number","223","units ","0","v119","10.1","3771","","","","0"
"1970","British Columbia","","Divorces","Number","223","units ","0","v109","11.1","5111","","","","0"
"1970","Yukon","","Divorces","Number","223","units ","0","v110","12.1","41","","","","0"
"1970","Northwest Territories including Nunavut","","Divorces","Number","223","units ","0","v111","13.1","17","","","t","0"
"1971","Canada","","Divorces","Number","223","units ","0","v107","1.1","29685","","","","0"
"1971","Newfoundland and Labrador","","Divorces","Number","223","units ","0","v108","2.1","150","","","","0"
"1971","Prince Edward Island","","Divorces","Number","223","units ","0","v112","3.1","61","","","","0"
"1971","Nova Scotia","","Divorces","Number","223","units ","0","v113","4.1","721","","","","0"
"1971","New Brunswick","","Divorces","Number","223","units ","0","v114","5.1","483","","","","0"
"1971","Quebec","","Divorces","Number","223","units ","0","v115","6.1","5203","","","","0"
"1971","Ontario","","Divorces","Number","223","units ","0","v116","7.1","12211","","","","0"
"1971","Manitoba","","Divorces","Number","223","units ","0","v117","8.1","1384","","","","0"
"1971","Saskatchewan","","Divorces","Number","223","units ","0","v118","9.1","816","","","","0"
"1971","Alberta","","Divorces","Number","223","units ","0","v119","10.1","3656","","","","0"
"1971","British Columbia","","Divorces","Number","223","units ","0","v109","11.1","4928","","","","0"
"1971","Yukon","","Divorces","Number","223","units ","0","v110","12.1","47","","","","0"
"1971","Northwest Territories including Nunavut","","Divorces","Number","223","units ","0","v111","13.1","25","","","t","0"
"1972","Canada","","Divorces","Number","223","units ","0","v107","1.1","32389","","","","0"
"1972","Newfoundland and Labrador","","Divorces","Number","223","units ","0","v108","2.1","177","","","","0"
"1972","Prince Edward Island","","Divorces","Number","223","units ","0","v112","3.1","65","","","","0"
"1972","Nova Scotia","","Divorces","Number","223","units ","0","v113","4.1","927","","","","0"
"1972","New Brunswick","","Divorces","Number","223","units ","0","v114","5.1","466","","","","0"
"1972","Quebec","","Divorces","Number","223","units ","0","v115","6.1","6426","","","","0"
"1972","Ontario","","Divorces","Number","223","units ","0","v116","7.1","13190","","","","0"
"1972","Manitoba","","Divorces","Number","223","units ","0","v117","8.1","1415","","","","0"
"1972","Saskatchewan","","Divorces","Number","223","units ","0","v118","9.1","827","","","","0"
"1972","Alberta","","Divorces","Number","223","units ","0","v119","10.1","3772","","","","0"
"1972","British Columbia","","Divorces","Number","223","units ","0","v109","11.1","5041","","","","0"
"1972","Yukon","","Divorces","Number","223","units ","0","v110","12.1","47","","","","0"
"1972","Northwest Territories including Nunavut","","Divorces","Number","223","units ","0","v111","13.1","36","","","t","0"
"1973","Canada","","Divorces","Number","223","units ","0","v107","1.1","36704","","","","0"
"1973","Newfoundland and Labrador","","Divorces","Number","223","units ","0","v108","2.1","224","","","","0"
"1973","Prince Edward Island","","Divorces","Number","223","units ","0","v112","3.1","54","","","","0"
"1973","Nova Scotia","","Divorces","Number","223","units ","0","v113","4.1","1249","","","","0"
"1973","New Brunswick","","Divorces","Number","223","units ","0","v114","5.1","574","","","","0"
"1973","Quebec","","Divorces","Number","223","units ","0","v115","6.1","8091","","","","0"
"1973","Ontario","","Divorces","Number","223","units ","0","v116","7.1","13781","","","","0"
"1973","Manitoba","","Divorces","Number","223","units ","0","v117","8.1","1620","","","","0"
"1973","Saskatchewan","","Divorces","Number","223","units ","0","v118","9.1","887","","","","0"
"1973","Alberta","","Divorces","Number","223","units ","0","v119","10.1","4435","","","","0"
"1973","British Columbia","","Divorces","Number","223","units ","0","v109","11.1","5687","","","","0"
"1973","Yukon","","Divorces","Number","223","units ","0","v110","12.1","60","","","","0"
"1973","Northwest Territories including Nunavut","","Divorces","Number","223","units ","0","v111","13.1","42","","","t","0"
"1974","Canada","","Divorces","Number","223","units ","0","v107","1.1","45019","","","","0"
"1974","Newfoundland and Labrador","","Divorces","Number","223","units ","0","v108","2.1","301","","","","0"
"1974","Prince Edward Island","","Divorces","Number","223","units ","0","v112","3.1","96","","","","0"
"1974","Nova Scotia","","Divorces","Number","223","units ","0","v113","4.1","1591","","","","0"
"1974","New Brunswick","","Divorces","Number","223","units ","0","v114","5.1","755","","","","0"
"1974","Quebec","","Divorces","Number","223","units ","0","v115","6.1","12272","","","","0"
"1974","Ontario","","Divorces","Number","223","units ","0","v116","7.1","15277","","","","0"
"1974","Manitoba","","Divorces","Number","223","units ","0","v117","8.1","1796","","","","0"
"1974","Saskatchewan","","Divorces","Number","223","units ","0","v118","9.1","1039","","","","0"
"1974","Alberta","","Divorces","Number","223","units ","0","v119","10.1","4947","","","","0"
"1974","British Columbia","","Divorces","Number","223","units ","0","v109","11.1","6840","","","","0"
"1974","Yukon","","Divorces","Number","223","units ","0","v110","12.1","46","","","","0"
"1974","Northwest Territories including Nunavut","","Divorces","Number","223","units ","0","v111","13.1","59","","","t","0"
"1975","Canada","","Divorces","Number","223","units ","0","v107","1.1","50611","","","","0"
"1975","Newfoundland and Labrador","","Divorces","Number","223","units ","0","v108","2.1","380","","","","0"
"1975","Prince Edward Island","","Divorces","Number","223","units ","0","v112","3.1","75","","","","0"
"1975","Nova Scotia","","Divorces","Number","223","units ","0","v113","4.1","1597","","","","0"
"1975","New Brunswick","","Divorces","Number","223","units ","0","v114","5.1","758","","","","0"
"1975","Quebec","","Divorces","Number","223","units ","0","v115","6.1","14093","","","","0"
"1975","Ontario","","Divorces","Number","223","units ","0","v116","7.1","17485","","","","0"
"1975","Manitoba","","Divorces","Number","223","units ","0","v117","8.1","1984","","","","0"
"1975","Saskatchewan","","Divorces","Number","223","units ","0","v118","9.1","1131","","","","0"
"1975","Alberta","","Divorces","Number","223","units ","0","v119","10.1","5475","","","","0"
"1975","British Columbia","","Divorces","Number","223","units ","0","v109","11.1","7534","","","","0"
"1975","Yukon","","Divorces","Number","223","units ","0","v110","12.1","43","","","","0"
"1975","Northwest Territories including Nunavut","","Divorces","Number","223","units ","0","v111","13.1","56","","","t","0"
"1976","Canada","","Divorces","Number","223","units ","0","v107","1.1","54207","","","","0"
"1976","Newfoundland and Labrador","","Divorces","Number","223","units ","0","v108","2.1","424","","","","0"
"1976","Prince Edward Island","","Divorces","Number","223","units ","0","v112","3.1","116","","","","0"
"1976","Nova Scotia","","Divorces","Number","223","units ","0","v113","4.1","1753","","","","0"
"1976","New Brunswick","","Divorces","Number","223","units ","0","v114","5.1","938","","","","0"
"1976","Quebec","","Divorces","Number","223","units ","0","v115","6.1","15186","","","","0"
"1976","Ontario","","Divorces","Number","223","units ","0","v116","7.1","18589","","","","0"
"1976","Manitoba","","Divorces","Number","223","units ","0","v117","8.1","1941","","","","0"
"1976","Saskatchewan","","Divorces","Number","223","units ","0","v118","9.1","1207","","","","0"
"1976","Alberta","","Divorces","Number","223","units ","0","v119","10.1","5697","","","","0"
"1976","British Columbia","","Divorces","Number","223","units ","0","v109","11.1","8231","","","","0"
"1976","Yukon","","Divorces","Number","223","units ","0","v110","12.1","67","","","","0"
"1976","Northwest Territories including Nunavut","","Divorces","Number","223","units ","0","v111","13.1","58","","","t","0"
"1977","Canada","","Divorces","Number","223","units ","0","v107","1.1","55370","","","","0"
"1977","Newfoundland and Labrador","","Divorces","Number","223","units ","0","v108","2.1","456","","","","0"
"1977","Prince Edward Island","","Divorces","Number","223","units ","0","v112","3.1","136","","","","0"
"1977","Nova Scotia","","Divorces","Number","223","units ","0","v113","4.1","1802","","","","0"
"1977","New Brunswick","","Divorces","Number","223","units ","0","v114","5.1","961","","","","0"
"1977","Quebec","","Divorces","Number","223","units ","0","v115","6.1","14501","","","","0"
"1977","Ontario","","Divorces","Number","223","units ","0","v116","7.1","19735","","","","0"
"1977","Manitoba","","Divorces","Number","223","units ","0","v117","8.1","2085","","","","0"
"1977","Saskatchewan","","Divorces","Number","223","units ","0","v118","9.1","1474","","","","0"
"1977","Alberta","","Divorces","Number","223","units ","0","v119","10.1","5843","","","","0"
"1977","British Columbia","","Divorces","Number","223","units ","0","v109","11.1","8251","","","","0"
"1977","Yukon","","Divorces","Number","223","units ","0","v110","12.1","59","","","","0"
"1977","Northwest Territories including Nunavut","","Divorces","Number","223","units ","0","v111","13.1","67","","","t","0"
"1978","Canada","","Divorces","Number","223","units ","0","v107","1.1","57155","","","","0"
"1978","Newfoundland and Labrador","","Divorces","Number","223","units ","0","v108","2.1","427","","","","0"
"1978","Prince Edward Island","","Divorces","Number","223","units ","0","v112","3.1","135","","","","0"
"1978","Nova Scotia","","Divorces","Number","223","units ","0","v113","4.1","1960","","","","0"
"1978","New Brunswick","","Divorces","Number","223","units ","0","v114","5.1","1153","","","","0"
"1978","Quebec","","Divorces","Number","223","units ","0","v115","6.1","14865","","","","0"
"1978","Ontario","","Divorces","Number","223","units ","0","v116","7.1","20534","","","","0"
"1978","Manitoba","","Divorces","Number","223","units ","0","v117","8.1","2187","","","","0"
"1978","Saskatchewan","","Divorces","Number","223","units ","0","v118","9.1","1428","","","","0"
"1978","Alberta","","Divorces","Number","223","units ","0","v119","10.1","6059","","","","0"
"1978","British Columbia","","Divorces","Number","223","units ","0","v109","11.1","8265","","","","0"
"1978","Yukon","","Divorces","Number","223","units ","0","v110","12.1","65","","","","0"
"1978","Northwest Territories including Nunavut","","Divorces","Number","223","units ","0","v111","13.1","77","","","t","0"
"1979","Canada","","Divorces","Number","223","units ","0","v107","1.1","59474","","","","0"
"1979","Newfoundland and Labrador","","Divorces","Number","223","units ","0","v108","2.1","483","","","","0"
"1979","Prince Edward Island","","Divorces","Number","223","units ","0","v112","3.1","144","","","","0"
"1979","Nova Scotia","","Divorces","Number","223","units ","0","v113","4.1","2275","","","","0"
"1979","New Brunswick","","Divorces","Number","223","units ","0","v114","5.1","1223","","","","0"
"1979","Quebec","","Divorces","Number","223","units ","0","v115","6.1","14379","","","","0"
"1979","Ontario","","Divorces","Number","223","units ","0","v116","7.1","21793","","","","0"
"1979","Manitoba","","Divorces","Number","223","units ","0","v117","8.1","2152","","","","0"
"1979","Saskatchewan","","Divorces","Number","223","units ","0","v118","9.1","1528","","","","0"
"1979","Alberta","","Divorces","Number","223","units ","0","v119","10.1","6531","","","","0"
"1979","British Columbia","","Divorces","Number","223","units ","0","v109","11.1","8826","","","","0"
"1979","Yukon","","Divorces","Number","223","units ","0","v110","12.1","62","","","","0"
"1979","Northwest Territories including Nunavut","","Divorces","Number","223","units ","0","v111","13.1","78","","","t","0"
"1980","Canada","","Divorces","Number","223","units ","0","v107","1.1","62019","","","","0"
"1980","Newfoundland and Labrador","","Divorces","Number","223","units ","0","v108","2.1","555","","","","0"
"1980","Prince Edward Island","","Divorces","Number","223","units ","0","v112","3.1","163","","","","0"
"1980","Nova Scotia","","Divorces","Number","223","units ","0","v113","4.1","2314","","","","0"
"1980","New Brunswick","","Divorces","Number","223","units ","0","v114","5.1","1326","","","","0"
"1980","Quebec","","Divorces","Number","223","units ","0","v115","6.1","13899","","","","0"
"1980","Ontario","","Divorces","Number","223","units ","0","v116","7.1","22442","","","","0"
"1980","Manitoba","","Divorces","Number","223","units ","0","v117","8.1","2282","","","","0"
"1980","Saskatchewan","","Divorces","Number","223","units ","0","v118","9.1","1836","","","","0"
"1980","Alberta","","Divorces","Number","223","units ","0","v119","10.1","7580","","","","0"
"1980","British Columbia","","Divorces","Number","223","units ","0","v109","11.1","9464","","","","0"
"1980","Yukon","","Divorces","Number","223","units ","0","v110","12.1","82","","","","0"
"1980","Northwest Territories including Nunavut","","Divorces","Number","223","units ","0","v111","13.1","76","","","t","0"
"1981","Canada","","Divorces","Number","223","units ","0","v107","1.1","67671","","","","0"
"1981","Newfoundland and Labrador","","Divorces","Number","223","units ","0","v108","2.1","569","","","","0"
"1981","Prince Edward Island","","Divorces","Number","223","units ","0","v112","3.1","187","","","","0"
"1981","Nova Scotia","","Divorces","Number","223","units ","0","v113","4.1","2285","","","","0"
"1981","New Brunswick","","Divorces","Number","223","units ","0","v114","5.1","1334","","","","0"
"1981","Quebec","","Divorces","Number","223","units ","0","v115","6.1","19193","","","","0"
"1981","Ontario","","Divorces","Number","223","units ","0","v116","7.1","21680","","","","0"
"1981","Manitoba","","Divorces","Number","223","units ","0","v117","8.1","2399","","","","0"
"1981","Saskatchewan","","Divorces","Number","223","units ","0","v118","9.1","1932","","","","0"
"1981","Alberta","","Divorces","Number","223","units ","0","v119","10.1","8418","","","","0"
"1981","British Columbia","","Divorces","Number","223","units ","0","v109","11.1","9533","","","","0"
"1981","Yukon","","Divorces","Number","223","units ","0","v110","12.1","75","","","","0"
"1981","Northwest Territories including Nunavut","","Divorces","Number","223","units ","0","v111","13.1","66","","","t","0"
"1982","Canada","","Divorces","Number","223","units ","0","v107","1.1","70436","","","","0"
"1982","Newfoundland and Labrador","","Divorces","Number","223","units ","0","v108","2.1","625","","","","0"
"1982","Prince Edward Island","","Divorces","Number","223","units ","0","v112","3.1","206","","","","0"
"1982","Nova Scotia","","Divorces","Number","223","units ","0","v113","4.1","2281","","","","0"
"1982","New Brunswick","","Divorces","Number","223","units ","0","v114","5.1","1663","","","","0"
"1982","Quebec","","Divorces","Number","223","units ","0","v115","6.1","18579","","","","0"
"1982","Ontario","","Divorces","Number","223","units ","0","v116","7.1","23644","","","","0"
"1982","Manitoba","","Divorces","Number","223","units ","0","v117","8.1","2392","","","","0"
"1982","Saskatchewan","","Divorces","Number","223","units ","0","v118","9.1","1815","","","","0"
"1982","Alberta","","Divorces","Number","223","units ","0","v119","10.1","8882","","","","0"
"1982","British Columbia","","Divorces","Number","223","units ","0","v109","11.1","10165","","","","0"
"1982","Yukon","","Divorces","Number","223","units ","0","v110","12.1","117","","","","0"
"1982","Northwest Territories including Nunavut","","Divorces","Number","223","units ","0","v111","13.1","67","","","t","0"
"1983","Canada","","Divorces","Number","223","units ","0","v107","1.1","68567","","","","0"
"1983","Newfoundland and Labrador","","Divorces","Number","223","units ","0","v108","2.1","711","","","","0"
"1983","Prince Edward Island","","Divorces","Number","223","units ","0","v112","3.1","215","","","","0"
"1983","Nova Scotia","","Divorces","Number","223","units ","0","v113","4.1","2340","","","","0"
"1983","New Brunswick","","Divorces","Number","223","units ","0","v114","5.1","1942","","","","0"
"1983","Quebec","","Divorces","Number","223","units ","0","v115","6.1","17365","","","","0"
"1983","Ontario","","Divorces","Number","223","units ","0","v116","7.1","23073","","","","0"
"1983","Manitoba","","Divorces","Number","223","units ","0","v117","8.1","2642","","","","0"
"1983","Saskatchewan","","Divorces","Number","223","units ","0","v118","9.1","2000","","","","0"
"1983","Alberta","","Divorces","Number","223","units ","0","v119","10.1","8758","","","","0"
"1983","British Columbia","","Divorces","Number","223","units ","0","v109","11.1","9348","","","","0"
"1983","Yukon","","Divorces","Number","223","units ","0","v110","12.1","88","","","","0"
"1983","Northwest Territories including Nunavut","","Divorces","Number","223","units ","0","v111","13.1","85","","","t","0"
"1984","Canada","","Divorces","Number","223","units ","0","v107","1.1","65172","","","","0"
"1984","Newfoundland and Labrador","","Divorces","Number","223","units ","0","v108","2.1","590","","","","0"
"1984","Prince Edward Island","","Divorces","Number","223","units ","0","v112","3.1","195","","","","0"
"1984","Nova Scotia","","Divorces","Number","223","units ","0","v113","4.1","2264","","","","0"
"1984","New Brunswick","","Divorces","Number","223","units ","0","v114","5.1","1427","","","","0"
"1984","Quebec","","Divorces","Number","223","units ","0","v115","6.1","16845","","","","0"
"1984","Ontario","","Divorces","Number","223","units ","0","v116","7.1","21636","","","","0"
"1984","Manitoba","","Divorces","Number","223","units ","0","v117","8.1","2611","","","","0"
"1984","Saskatchewan","","Divorces","Number","223","units ","0","v118","9.1","1988","","","","0"
"1984","Alberta","","Divorces","Number","223","units ","0","v119","10.1","8454","","","","0"
"1984","British Columbia","","Divorces","Number","223","units ","0","v109","11.1","8988","","","","0"
"1984","Yukon","","Divorces","Number","223","units ","0","v110","12.1","100","","","","0"
"1984","Northwest Territories including Nunavut","","Divorces","Number","223","units ","0","v111","13.1","74","","","t","0"
"1985","Canada","","Divorces","Number","223","units ","0","v107","1.1","61976","","","","0"
"1985","Newfoundland and Labrador","","Divorces","Number","223","units ","0","v108","2.1","561","","","","0"
"1985","Prince Edward Island","","Divorces","Number","223","units ","0","v112","3.1","213","","","","0"
"1985","Nova Scotia","","Divorces","Number","223","units ","0","v113","4.1","2337","","","","0"
"1985","New Brunswick","","Divorces","Number","223","units ","0","v114","5.1","1360","","","","0"
"1985","Quebec","","Divorces","Number","223","units ","0","v115","6.1","15814","","","","0"
"1985","Ontario","","Divorces","Number","223","units ","0","v116","7.1","20851","","","","0"
"1985","Manitoba","","Divorces","Number","223","units ","0","v117","8.1","2313","","","","0"
"1985","Saskatchewan","","Divorces","Number","223","units ","0","v118","9.1","1927","","","","0"
"1985","Alberta","","Divorces","Number","223","units ","0","v119","10.1","8102","","","","0"
"1985","British Columbia","","Divorces","Number","223","units ","0","v109","11.1","8330","","","","0"
"1985","Yukon","","Divorces","Number","223","units ","0","v110","12.1","96","","","","0"
"1985","Northwest Territories including Nunavut","","Divorces","Number","223","units ","0","v111","13.1","72","","","t","0"
"1986","Canada","","Divorces","Number","223","units ","0","v107","1.1","78304","","","","0"
"1986","Newfoundland and Labrador","","Divorces","Number","223","units ","0","v108","2.1","687","","","","0"
"1986","Prince Edward Island","","Divorces","Number","223","units ","0","v112","3.1","199","","","","0"
"1986","Nova Scotia","","Divorces","Number","223","units ","0","v113","4.1","2609","","","","0"
"1986","New Brunswick","","Divorces","Number","223","units ","0","v114","5.1","1729","","","","0"
"1986","Quebec","","Divorces","Number","223","units ","0","v115","6.1","19026","","","","0"
"1986","Ontario","","Divorces","Number","223","units ","0","v116","7.1","27549","","","","0"
"1986","Manitoba","","Divorces","Number","223","units ","0","v117","8.1","2982","","","","0"
"1986","Saskatchewan","","Divorces","Number","223","units ","0","v118","9.1","2479","","","","0"
"1986","Alberta","","Divorces","Number","223","units ","0","v119","10.1","9556","","","","0"
"1986","British Columbia","","Divorces","Number","223","units ","0","v109","11.1","11299","","","","0"
"1986","Yukon","","Divorces","Number","223","units ","0","v110","12.1","94","","","","0"
"1986","Northwest Territories including Nunavut","","Divorces","Number","223","units ","0","v111","13.1","95","","","t","0"
"1987","Canada","","Divorces","Number","223","units ","0","v107","1.1","96200","","","","0"
"1987","Newfoundland and Labrador","","Divorces","Number","223","units ","0","v108","2.1","1117","","","","0"
"1987","Prince Edward Island","","Divorces","Number","223","units ","0","v112","3.1","275","","","","0"
"1987","Nova Scotia","","Divorces","Number","223","units ","0","v113","4.1","2759","","","","0"
"1987","New Brunswick","","Divorces","Number","223","units ","0","v114","5.1","1995","","","","0"
"1987","Quebec","","Divorces","Number","223","units ","0","v115","6.1","22098","","","","0"
"1987","Ontario","","Divorces","Number","223","units ","0","v116","7.1","39095","","","","0"
"1987","Manitoba","","Divorces","Number","223","units ","0","v117","8.1","3923","","","","0"
"1987","Saskatchewan","","Divorces","Number","223","units ","0","v118","9.1","2968","","","","0"
"1987","Alberta","","Divorces","Number","223","units ","0","v119","10.1","9535","","","","0"
"1987","British Columbia","","Divorces","Number","223","units ","0","v109","11.1","12184","","","","0"
"1987","Yukon","","Divorces","Number","223","units ","0","v110","12.1","142","","","","0"
"1987","Northwest Territories including Nunavut","","Divorces","Number","223","units ","0","v111","13.1","109","","","t","0"
"1988","Canada","","Divorces","Number","223","units ","0","v107","1.1","83507","","","","0"
"1988","Newfoundland and Labrador","","Divorces","Number","223","units ","0","v108","2.1","906","","","","0"
"1988","Prince Edward Island","","Divorces","Number","223","units ","0","v112","3.1","269","","","","0"
"1988","Nova Scotia","","Divorces","Number","223","units ","0","v113","4.1","2494","","","","0"
"1988","New Brunswick","","Divorces","Number","223","units ","0","v114","5.1","1673","","","","0"
"1988","Quebec","","Divorces","Number","223","units ","0","v115","6.1","20340","","","","0"
"1988","Ontario","","Divorces","Number","223","units ","0","v116","7.1","32524","","","","0"
"1988","Manitoba","","Divorces","Number","223","units ","0","v117","8.1","3102","","","","0"
"1988","Saskatchewan","","Divorces","Number","223","units ","0","v118","9.1","2501","","","","0"
"1988","Alberta","","Divorces","Number","223","units ","0","v119","10.1","8744","","","","0"
"1988","British Columbia","","Divorces","Number","223","units ","0","v109","11.1","10760","","","","0"
"1988","Yukon","","Divorces","Number","223","units ","0","v110","12.1","82","","","","0"
"1988","Northwest Territories including Nunavut","","Divorces","Number","223","units ","0","v111","13.1","112","","","t","0"
"1989","Canada","","Divorces","Number","223","units ","0","v107","1.1","80998","","","","0"
"1989","Newfoundland and Labrador","","Divorces","Number","223","units ","0","v108","2.1","1005","","","","0"
"1989","Prince Edward Island","","Divorces","Number","223","units ","0","v112","3.1","248","","","","0"
"1989","Nova Scotia","","Divorces","Number","223","units ","0","v113","4.1","2527","","","","0"
"1989","New Brunswick","","Divorces","Number","223","units ","0","v114","5.1","1649","","","","0"
"1989","Quebec","","Divorces","Number","223","units ","0","v115","6.1","19829","","","","0"
"1989","Ontario","","Divorces","Number","223","units ","0","v116","7.1","31298","","","","0"
"1989","Manitoba","","Divorces","Number","223","units ","0","v117","8.1","2912","","","","0"
"1989","Saskatchewan","","Divorces","Number","223","units ","0","v118","9.1","2460","","","","0"
"1989","Alberta","","Divorces","Number","223","units ","0","v119","10.1","8237","","","","0"
"1989","British Columbia","","Divorces","Number","223","units ","0","v109","11.1","10658","","","","0"
"1989","Yukon","","Divorces","Number","223","units ","0","v110","12.1","82","","","","0"
"1989","Northwest Territories including Nunavut","","Divorces","Number","223","units ","0","v111","13.1","93","","","t","0"
"1990","Canada","","Divorces","Number","223","units ","0","v107","1.1","78463","","","","0"
"1990","Newfoundland and Labrador","","Divorces","Number","223","units ","0","v108","2.1","1016","","","","0"
"1990","Prince Edward Island","","Divorces","Number","223","units ","0","v112","3.1","281","","","","0"
"1990","Nova Scotia","","Divorces","Number","223","units ","0","v113","4.1","2419","","","","0"
"1990","New Brunswick","","Divorces","Number","223","units ","0","v114","5.1","1699","","","","0"
"1990","Quebec","","Divorces","Number","223","units ","0","v115","6.1","20474","","","","0"
"1990","Ontario","","Divorces","Number","223","units ","0","v116","7.1","28977","","","","0"
"1990","Manitoba","","Divorces","Number","223","units ","0","v117","8.1","2798","","","","0"
"1990","Saskatchewan","","Divorces","Number","223","units ","0","v118","9.1","2364","","","","0"
"1990","Alberta","","Divorces","Number","223","units ","0","v119","10.1","8489","","","","0"
"1990","British Columbia","","Divorces","Number","223","units ","0","v109","11.1","9773","","","","0"
"1990","Yukon","","Divorces","Number","223","units ","0","v110","12.1","81","","","","0"
"1990","Northwest Territories including Nunavut","","Divorces","Number","223","units ","0","v111","13.1","92","","","t","0"
"1991","Canada","","Divorces","Number","223","units ","0","v107","1.1","77020","","","","0"
"1991","Newfoundland and Labrador","","Divorces","Number","223","units ","0","v108","2.1","912","","","","0"
"1991","Prince Edward Island","","Divorces","Number","223","units ","0","v112","3.1","269","","","","0"
"1991","Nova Scotia","","Divorces","Number","223","units ","0","v113","4.1","2280","","","","0"
"1991","New Brunswick","","Divorces","Number","223","units ","0","v114","5.1","1652","","","","0"
"1991","Quebec","","Divorces","Number","223","units ","0","v115","6.1","20274","","","","0"
"1991","Ontario","","Divorces","Number","223","units ","0","v116","7.1","27694","","","","0"
"1991","Manitoba","","Divorces","Number","223","units ","0","v117","8.1","2790","","","","0"
"1991","Saskatchewan","","Divorces","Number","223","units ","0","v118","9.1","2240","","","","0"
"1991","Alberta","","Divorces","Number","223","units ","0","v119","10.1","8388","","","","0"
"1991","British Columbia","","Divorces","Number","223","units ","0","v109","11.1","10368","","","","0"
"1991","Yukon","","Divorces","Number","223","units ","0","v110","12.1","67","","","","0"
"1991","Northwest Territories including Nunavut","","Divorces","Number","223","units ","0","v111","13.1","86","","","t","0"
"1992","Canada","","Divorces","Number","223","units ","0","v107","1.1","79034","","","","0"
"1992","Newfoundland and Labrador","","Divorces","Number","223","units ","0","v108","2.1","867","","","","0"
"1992","Prince Edward Island","","Divorces","Number","223","units ","0","v112","3.1","227","","","","0"
"1992","Nova Scotia","","Divorces","Number","223","units ","0","v113","4.1","2304","","","","0"
"1992","New Brunswick","","Divorces","Number","223","units ","0","v114","5.1","1633","","","","0"
"1992","Quebec","","Divorces","Number","223","units ","0","v115","6.1","19695","","","","0"
"1992","Ontario","","Divorces","Number","223","units ","0","v116","7.1","30463","","","","0"
"1992","Manitoba","","Divorces","Number","223","units ","0","v117","8.1","2657","","","","0"
"1992","Saskatchewan","","Divorces","Number","223","units ","0","v118","9.1","2325","","","","0"
"1992","Alberta","","Divorces","Number","223","units ","0","v119","10.1","8217","","","","0"
"1992","British Columbia","","Divorces","Number","223","units ","0","v109","11.1","10431","","","","0"
"1992","Yukon","","Divorces","Number","223","units ","0","v110","12.1","117","","","","0"
"1992","Northwest Territories including Nunavut","","Divorces","Number","223","units ","0","v111","13.1","98","","","t","0"
"1993","Canada","","Divorces","Number","223","units ","0","v107","1.1","78226","","","","0"
"1993","Newfoundland and Labrador","","Divorces","Number","223","units ","0","v108","2.1","930","","","","0"
"1993","Prince Edward Island","","Divorces","Number","223","units ","0","v112","3.1","227","","","","0"
"1993","Nova Scotia","","Divorces","Number","223","units ","0","v113","4.1","2376","","","","0"
"1993","New Brunswick","","Divorces","Number","223","units ","0","v114","5.1","1606","","","","0"
"1993","Quebec","","Divorces","Number","223","units ","0","v115","6.1","19662","","","","0"
"1993","Ontario","","Divorces","Number","223","units ","0","v116","7.1","28903","","","","0"
"1993","Manitoba","","Divorces","Number","223","units ","0","v117","8.1","2586","","","","0"
"1993","Saskatchewan","","Divorces","Number","223","units ","0","v118","9.1","2239","","","","0"
"1993","Alberta","","Divorces","Number","223","units ","0","v119","10.1","8612","","","","0"
"1993","British Columbia","","Divorces","Number","223","units ","0","v109","11.1","10889","","","","0"
"1993","Yukon","","Divorces","Number","223","units ","0","v110","12.1","94","","","","0"
"1993","Northwest Territories including Nunavut","","Divorces","Number","223","units ","0","v111","13.1","102","","","t","0"
"1994","Canada","","Divorces","Number","223","units ","0","v107","1.1","78880","","","","0"
"1994","Newfoundland and Labrador","","Divorces","Number","223","units ","0","v108","2.1","933","","","","0"
"1994","Prince Edward Island","","Divorces","Number","223","units ","0","v112","3.1","249","","","","0"
"1994","Nova Scotia","","Divorces","Number","223","units ","0","v113","4.1","2286","","","","0"
"1994","New Brunswick","","Divorces","Number","223","units ","0","v114","5.1","1570","","","","0"
"1994","Quebec","","Divorces","Number","223","units ","0","v115","6.1","18224","","","","0"
"1994","Ontario","","Divorces","Number","223","units ","0","v116","7.1","30718","","","","0"
"1994","Manitoba","","Divorces","Number","223","units ","0","v117","8.1","2746","","","","0"
"1994","Saskatchewan","","Divorces","Number","223","units ","0","v118","9.1","2354","","","","0"
"1994","Alberta","","Divorces","Number","223","units ","0","v119","10.1","8174","","","","0"
"1994","British Columbia","","Divorces","Number","223","units ","0","v109","11.1","11437","","","","0"
"1994","Yukon","","Divorces","Number","223","units ","0","v110","12.1","97","","","","0"
"1994","Northwest Territories including Nunavut","","Divorces","Number","223","units ","0","v111","13.1","92","","","t","0"
"1995","Canada","","Divorces","Number","223","units ","0","v107","1.1","77636","","","","0"
"1995","Newfoundland and Labrador","","Divorces","Number","223","units ","0","v108","2.1","982","","","","0"
"1995","Prince Edward Island","","Divorces","Number","223","units ","0","v112","3.1","260","","","","0"
"1995","Nova Scotia","","Divorces","Number","223","units ","0","v113","4.1","2294","","","","0"
"1995","New Brunswick","","Divorces","Number","223","units ","0","v114","5.1","1456","","","","0"
"1995","Quebec","","Divorces","Number","223","units ","0","v115","6.1","20133","","","","0"
"1995","Ontario","","Divorces","Number","223","units ","0","v116","7.1","29352","","","","0"
"1995","Manitoba","","Divorces","Number","223","units ","0","v117","8.1","2677","","","","0"
"1995","Saskatchewan","","Divorces","Number","223","units ","0","v118","9.1","2320","","","","0"
"1995","Alberta","","Divorces","Number","223","units ","0","v119","10.1","7599","","","","0"
"1995","British Columbia","","Divorces","Number","223","units ","0","v109","11.1","10357","","","","0"
"1995","Yukon","","Divorces","Number","223","units ","0","v110","12.1","112","","","","0"
"1995","Northwest Territories including Nunavut","","Divorces","Number","223","units ","0","v111","13.1","94","","","t","0"
"1996","Canada","","Divorces","Number","223","units ","0","v107","1.1","71528","","","","0"
"1996","Newfoundland and Labrador","","Divorces","Number","223","units ","0","v108","2.1","1060","","","","0"
"1996","Prince Edward Island","","Divorces","Number","223","units ","0","v112","3.1","237","","","","0"
"1996","Nova Scotia","","Divorces","Number","223","units ","0","v113","4.1","2228","","","","0"
"1996","New Brunswick","","Divorces","Number","223","units ","0","v114","5.1","1450","","","","0"
"1996","Quebec","","Divorces","Number","223","units ","0","v115","6.1","18078","","","","0"
"1996","Ontario","","Divorces","Number","223","units ","0","v116","7.1","25035","","","","0"
"1996","Manitoba","","Divorces","Number","223","units ","0","v117","8.1","2603","","","","0"
"1996","Saskatchewan","","Divorces","Number","223","units ","0","v118","9.1","2216","","","","0"
"1996","Alberta","","Divorces","Number","223","units ","0","v119","10.1","7509","","","","0"
"1996","British Columbia","","Divorces","Number","223","units ","0","v109","11.1","10898","","","","0"
"1996","Yukon","","Divorces","Number","223","units ","0","v110","12.1","115","","","","0"
"1996","Northwest Territories including Nunavut","","Divorces","Number","223","units ","0","v111","13.1","99","","","t","0"
"1997","Canada","","Divorces","Number","223","units ","0","v107","1.1","67408","","","","0"
"1997","Newfoundland and Labrador","","Divorces","Number","223","units ","0","v108","2.1","822","","","","0"
"1997","Prince Edward Island","","Divorces","Number","223","units ","0","v112","3.1","243","","","","0"
"1997","Nova Scotia","","Divorces","Number","223","units ","0","v113","4.1","1983","","","","0"
"1997","New Brunswick","","Divorces","Number","223","units ","0","v114","5.1","1373","","","","0"
"1997","Quebec","","Divorces","Number","223","units ","0","v115","6.1","17478","","","","0"
"1997","Ontario","","Divorces","Number","223","units ","0","v116","7.1","23629","","","","0"
"1997","Manitoba","","Divorces","Number","223","units ","0","v117","8.1","2625","","","","0"
"1997","Saskatchewan","","Divorces","Number","223","units ","0","v118","9.1","2198","","","","0"
"1997","Alberta","","Divorces","Number","223","units ","0","v119","10.1","7185","","","","0"
"1997","British Columbia","","Divorces","Number","223","units ","0","v109","11.1","9692","","","","0"
"1997","Yukon","","Divorces","Number","223","units ","0","v110","12.1","101","","","","0"
"1997","Northwest Territories including Nunavut","","Divorces","Number","223","units ","0","v111","13.1","79","","","t","0"
"1998","Canada","","Divorces","Number","223","units ","0","v107","1.1","69088","","","","0"
"1998","Newfoundland and Labrador","","Divorces","Number","223","units ","0","v108","2.1","944","","","","0"
"1998","Prince Edward Island","","Divorces","Number","223","units ","0","v112","3.1","279","","","","0"
"1998","Nova Scotia","","Divorces","Number","223","units ","0","v113","4.1","1933","","","","0"
"1998","New Brunswick","","Divorces","Number","223","units ","0","v114","5.1","1473","","","","0"
"1998","Quebec","","Divorces","Number","223","units ","0","v115","6.1","16916","","","","0"
"1998","Ontario","","Divorces","Number","223","units ","0","v116","7.1","25149","","","","0"
"1998","Manitoba","","Divorces","Number","223","units ","0","v117","8.1","2443","","","","0"
"1998","Saskatchewan","","Divorces","Number","223","units ","0","v118","9.1","2246","","","","0"
"1998","Alberta","","Divorces","Number","223","units ","0","v119","10.1","7668","","","","0"
"1998","British Columbia","","Divorces","Number","223","units ","0","v109","11.1","9827","","","","0"
"1998","Yukon","","Divorces","Number","223","units ","0","v110","12.1","117","","","","0"
"1998","Northwest Territories including Nunavut","","Divorces","Number","223","units ","0","v111","13.1","93","","","t","0"
"1999","Canada","","Divorces","Number","223","units ","0","v107","1.1","70910","","","","0"
"1999","Newfoundland and Labrador","","Divorces","Number","223","units ","0","v108","2.1","892","","","","0"
"1999","Prince Edward Island","","Divorces","Number","223","units ","0","v112","3.1","291","","","","0"
"1999","Nova Scotia","","Divorces","Number","223","units ","0","v113","4.1","1954","","","","0"
"1999","New Brunswick","","Divorces","Number","223","units ","0","v114","5.1","1671","","","","0"
"1999","Quebec","","Divorces","Number","223","units ","0","v115","6.1","17144","","","","0"
"1999","Ontario","","Divorces","Number","223","units ","0","v116","7.1","26088","","","","0"
"1999","Manitoba","","Divorces","Number","223","units ","0","v117","8.1","2572","","","","0"
"1999","Saskatchewan","","Divorces","Number","223","units ","0","v118","9.1","2237","","","","0"
"1999","Alberta","","Divorces","Number","223","units ","0","v119","10.1","7931","","","","0"
"1999","British Columbia","","Divorces","Number","223","units ","0","v109","11.1","9935","","","","0"
"1999","Yukon","","Divorces","Number","223","units ","0","v110","12.1","112","","","","0"
"1999","Northwest Territories including Nunavut","","Divorces","Number","223","units ","0","v111","13.1","83","","","t","0"
"2000","Canada","","Divorces","Number","223","units ","0","v107","1.1","71144","","","","0"
"2000","Newfoundland and Labrador","","Divorces","Number","223","units ","0","v108","2.1","913","","","","0"
"2000","Prince Edward Island","","Divorces","Number","223","units ","0","v112","3.1","272","","","","0"
"2000","Nova Scotia","","Divorces","Number","223","units ","0","v113","4.1","2054","","","","0"
"2000","New Brunswick","","Divorces","Number","223","units ","0","v114","5.1","1717","","","","0"
"2000","Quebec","","Divorces","Number","223","units ","0","v115","6.1","17054","","","","0"
"2000","Ontario","","Divorces","Number","223","units ","0","v116","7.1","26148","","","","0"
"2000","Manitoba","","Divorces","Number","223","units ","0","v117","8.1","2430","","","","0"
"2000","Saskatchewan","","Divorces","Number","223","units ","0","v118","9.1","2194","","","","0"
"2000","Alberta","","Divorces","Number","223","units ","0","v119","10.1","8176","","","","0"
"2000","British Columbia","","Divorces","Number","223","units ","0","v109","11.1","10017","","","","0"
"2000","Yukon","","Divorces","Number","223","units ","0","v110","12.1","68","","","","0"
"2000","Northwest Territories","","Divorces","Number","223","units ","0","v14137945","14.1","94","","","","0"
"2000","Nunavut","","Divorces","Number","223","units ","0","v14137946","15.1","7","","","","0"
"2001","Canada","","Divorces","Number","223","units ","0","v107","1.1","71110","","","","0"
"2001","Newfoundland and Labrador","","Divorces","Number","223","units ","0","v108","2.1","755","","","","0"
"2001","Prince Edward Island","","Divorces","Number","223","units ","0","v112","3.1","246","","","","0"
"2001","Nova Scotia","","Divorces","Number","223","units ","0","v113","4.1","1945","","","","0"
"2001","New Brunswick","","Divorces","Number","223","units ","0","v114","5.1","1570","","","","0"
"2001","Quebec","","Divorces","Number","223","units ","0","v115","6.1","17094","","","","0"
"2001","Ontario","","Divorces","Number","223","units ","0","v116","7.1","26516","","","","0"
"2001","Manitoba","","Divorces","Number","223","units ","0","v117","8.1","2480","","","","0"
"2001","Saskatchewan","","Divorces","Number","223","units ","0","v118","9.1","1955","","","","0"
"2001","Alberta","","Divorces","Number","223","units ","0","v119","10.1","8252","","","","0"
"2001","British Columbia","","Divorces","Number","223","units ","0","v109","11.1","10115","","","","0"
"2001","Yukon","","Divorces","Number","223","units ","0","v110","12.1","91","","","","0"
"2001","Northwest Territories","","Divorces","Number","223","units ","0","v14137945","14.1","83","","","","0"
"2001","Nunavut","","Divorces","Number","223","units ","0","v14137946","15.1","8","","","","0"
"2002","Canada","","Divorces","Number","223","units ","0","v107","1.1","70155","","","","0"
"2002","Newfoundland and Labrador","","Divorces","Number","223","units ","0","v108","2.1","842","","","","0"
"2002","Prince Edward Island","","Divorces","Number","223","units ","0","v112","3.1","258","","","","0"
"2002","Nova Scotia","","Divorces","Number","223","units ","0","v113","4.1","1990","","","","0"
"2002","New Brunswick","","Divorces","Number","223","units ","0","v114","5.1","1461","","","","0"
"2002","Quebec","","Divorces","Number","223","units ","0","v115","6.1","16499","","","","0"
"2002","Ontario","","Divorces","Number","223","units ","0","v116","7.1","26170","","","","0"
"2002","Manitoba","","Divorces","Number","223","units ","0","v117","8.1","2396","","","","0"
"2002","Saskatchewan","","Divorces","Number","223","units ","0","v118","9.1","1959","","","","0"
"2002","Alberta","","Divorces","Number","223","units ","0","v119","10.1","8291","","","","0"
"2002","British Columbia","","Divorces","Number","223","units ","0","v109","11.1","10125","","","","0"
"2002","Yukon","","Divorces","Number","223","units ","0","v110","12.1","90","","","","0"
"2002","Northwest Territories","","Divorces","Number","223","units ","0","v14137945","14.1","68","","","","0"
"2002","Nunavut","","Divorces","Number","223","units ","0","v14137946","15.1","6","","","","0"
"2003","Canada","","Divorces","Number","223","units ","0","v107","1.1","70828","","","","0"
"2003","Newfoundland and Labrador","","Divorces","Number","223","units ","0","v108","2.1","662","","","","0"
"2003","Prince Edward Island","","Divorces","Number","223","units ","0","v112","3.1","281","","","","0"
"2003","Nova Scotia","","Divorces","Number","223","units ","0","v113","4.1","1907","","","","0"
"2003","New Brunswick","","Divorces","Number","223","units ","0","v114","5.1","1450","","","","0"
"2003","Quebec","","Divorces","Number","223","units ","0","v115","6.1","16738","","","","0"
"2003","Ontario","","Divorces","Number","223","units ","0","v116","7.1","27513","","","","0"
"2003","Manitoba","","Divorces","Number","223","units ","0","v117","8.1","2352","","","","0"
"2003","Saskatchewan","","Divorces","Number","223","units ","0","v118","9.1","1992","","","","0"
"2003","Alberta","","Divorces","Number","223","units ","0","v119","10.1","7960","","","","0"
"2003","British Columbia","","Divorces","Number","223","units ","0","v109","11.1","9820","","","","0"
"2003","Yukon","","Divorces","Number","223","units ","0","v110","12.1","87","","","","0"
"2003","Northwest Territories","","Divorces","Number","223","units ","0","v14137945","14.1","62","","","","0"
"2003","Nunavut","","Divorces","Number","223","units ","0","v14137946","15.1","4","","","","0"
